[
  {
    "_id": "61b9eba76dc37f2f53a0cf89",
    "index": 0,
    "guid": "9a5e9737-a9a3-44fa-a1f3-2a195f5d8348",
    "isActive": true,
    "balance": "$2,866.97",
    "picture": "http://placehold.it/32x32",
    "age": 39,
    "eyeColor": "blue",
    "name": "Garcia Oconnor",
    "gender": "male",
    "company": "PIVITOL",
    "email": "garciaoconnor@pivitol.com",
    "phone": "+1 (904) 584-2795",
    "address": "674 Hazel Court, Elrama, Utah, 1311",
    "about": "Id do commodo deserunt ipsum ullamco. Esse eiusmod quis occaecat irure laborum ipsum ex exercitation fugiat cupidatat exercitation. Occaecat cupidatat aliquip excepteur aute irure eu deserunt enim non.\r\n",
    "registered": "2016-05-08T05:03:18 +07:00",
    "latitude": -81.970005,
    "longitude": 49.682445,
    "tags": [
      "sunt",
      "deserunt",
      "pariatur",
      "nisi",
      "irure",
      "ipsum",
      "deserunt"
    ],
    "friends": [
      {
        "id": 0,
        "name": "Jordan Kemp"
      },
      {
        "id": 1,
        "name": "Massey Patrick"
      },
      {
        "id": 2,
        "name": "Manuela Lambert"
      }
    ]
  },
  {
    "_id": "61b9eba7e9d097a431d37901",
    "index": 1,
    "guid": "da848af1-501a-417e-9094-599b8a496fc7",
    "isActive": true,
    "balance": "$2,203.67",
    "picture": "http://placehold.it/32x32",
    "age": 33,
    "eyeColor": "brown",
    "name": "Hughes Riggs",
    "gender": "male",
    "company": "TERRAGO",
    "email": "hughesriggs@terrago.com",
    "phone": "+1 (987) 518-3414",
    "address": "767 Arion Place, Cliff, Vermont, 1723",
    "about": "Elit nisi deserunt velit deserunt anim sint quis voluptate exercitation adipisicing aliqua irure. Enim eiusmod exercitation deserunt aliquip excepteur aliqua consequat reprehenderit in exercitation non enim. Fugiat veniam in dolor elit consequat eiusmod aliquip officia adipisicing ad aliquip est. Pariatur non fugiat irure aliquip fugiat proident sunt id qui pariatur qui. Voluptate culpa aliquip aute ut officia do dolor labore nisi sint. Excepteur Lorem velit mollit quis ea labore dolore. Culpa ex sit eiusmod id.\r\n",
    "registered": "2016-02-21T06:52:37 +07:00",
    "latitude": -34.068264,
    "longitude": 122.885653,
    "tags": [
      "laborum",
      "non",
      "ullamco",
      "qui",
      "aliqua",
      "dolor",
      "occaecat"
    ],
    "friends": [
      {
        "id": 0,
        "name": "Mueller Mcguire"
      },
      {
        "id": 1,
        "name": "Mollie Talley"
      },
      {
        "id": 2,
        "name": "Boyle Sexton"
      }
    ]
  },
  {
    "_id": "61b9eba787064b4113b38c94",
    "index": 2,
    "guid": "ce97fa5e-df03-4268-bc4b-153b9b25b4da",
    "isActive": false,
    "balance": "$1,608.61",
    "picture": "http://placehold.it/32x32",
    "age": 34,
    "eyeColor": "green",
    "name": "Cash Phelps",
    "gender": "male",
    "company": "CAXT",
    "email": "cashphelps@caxt.com",
    "phone": "+1 (838) 583-2201",
    "address": "797 Fleet Street, Odessa, Massachusetts, 3161",
    "about": "Cupidatat commodo ad mollit cupidatat do cillum occaecat enim officia elit pariatur exercitation incididunt Lorem. Commodo tempor do nostrud amet. Esse voluptate eu deserunt consectetur consectetur ipsum sint adipisicing. Sit eu irure laboris consequat. Et sunt id anim cillum pariatur id in.\r\n",
    "registered": "2018-03-30T12:54:13 +07:00",
    "latitude": -17.282344,
    "longitude": -67.228358,
    "tags": [
      "ex",
      "veniam",
      "adipisicing",
      "duis",
      "do",
      "sunt",
      "cupidatat"
    ],
    "friends": [
      {
        "id": 0,
        "name": "Whitley Nelson"
      },
      {
        "id": 1,
        "name": "Ingrid Middleton"
      },
      {
        "id": 2,
        "name": "Barry Dillon"
      }
    ]
  },
  {
    "_id": "61b9eba7130b8cf6890d6ae0",
    "index": 3,
    "guid": "942dbb80-b12b-4963-8741-762aad756a99",
    "isActive": true,
    "balance": "$2,560.25",
    "picture": "http://placehold.it/32x32",
    "age": 20,
    "eyeColor": "blue",
    "name": "Anthony Burris",
    "gender": "male",
    "company": "SONGLINES",
    "email": "anthonyburris@songlines.com",
    "phone": "+1 (823) 585-2995",
    "address": "890 Hampton Avenue, Lodoga, Palau, 1732",
    "about": "Culpa pariatur elit incididunt ullamco Lorem excepteur. Occaecat Lorem ad pariatur enim cupidatat pariatur sit eu enim amet enim. Mollit reprehenderit quis officia reprehenderit eu esse proident est laboris. Commodo aute do velit quis elit ipsum velit aliqua consequat proident amet. Aute irure cillum incididunt fugiat reprehenderit. Enim nostrud ex nostrud veniam. Aliquip dolore ea nulla laborum et consectetur cupidatat tempor culpa labore cillum id veniam.\r\n",
    "registered": "2015-06-06T05:41:36 +07:00",
    "latitude": 68.152275,
    "longitude": -117.732245,
    "tags": [
      "fugiat",
      "nostrud",
      "dolore",
      "officia",
      "labore",
      "occaecat",
      "fugiat"
    ],
    "friends": [
      {
        "id": 0,
        "name": "Maureen Hatfield"
      },
      {
        "id": 1,
        "name": "Franks Lynch"
      },
      {
        "id": 2,
        "name": "Lottie Deleon"
      }
    ]
  },
  {
    "_id": "61b9eba731cdec8b81927dc8",
    "index": 4,
    "guid": "ad191245-1344-4834-8b2c-3a2ad4c5d48d",
    "isActive": false,
    "balance": "$3,901.62",
    "picture": "http://placehold.it/32x32",
    "age": 35,
    "eyeColor": "green",
    "name": "Holmes Blackwell",
    "gender": "male",
    "company": "AMRIL",
    "email": "holmesblackwell@amril.com",
    "phone": "+1 (832) 528-2558",
    "address": "233 Sumpter Street, Edneyville, Delaware, 4068",
    "about": "Eu ipsum velit culpa commodo amet ex voluptate minim ad velit occaecat ea mollit excepteur. Qui commodo officia veniam veniam fugiat ullamco ex cupidatat aliquip qui elit amet cupidatat. Excepteur aliqua Lorem quis ullamco est. Nostrud ullamco voluptate est est amet laborum eiusmod est magna eiusmod do cillum eiusmod id.\r\n",
    "registered": "2015-10-25T05:53:40 +07:00",
    "latitude": -15.934808,
    "longitude": 148.605354,
    "tags": [
      "irure",
      "voluptate",
      "deserunt",
      "nulla",
      "cupidatat",
      "est",
      "duis"
    ],
    "friends": [
      {
        "id": 0,
        "name": "Long Schroeder"
      },
      {
        "id": 1,
        "name": "Gabrielle Mayer"
      },
      {
        "id": 2,
        "name": "Milagros Brock"
      }
    ]
  },
  {
    "_id": "61b9eba7c6195c3a19abf995",
    "index": 5,
    "guid": "b5b9bc6a-2b60-48f1-9458-d6d64a8a749f",
    "isActive": false,
    "balance": "$3,405.08",
    "picture": "http://placehold.it/32x32",
    "age": 21,
    "eyeColor": "brown",
    "name": "Burris Haley",
    "gender": "male",
    "company": "COSMETEX",
    "email": "burrishaley@cosmetex.com",
    "phone": "+1 (827) 517-3344",
    "address": "893 Hopkins Street, Garnet, South Carolina, 5827",
    "about": "Sint minim irure id amet. Excepteur in culpa aliqua minim voluptate. Sunt ex culpa ad cupidatat. Officia eiusmod dolore aliquip amet voluptate qui veniam irure amet ad enim. Occaecat duis ullamco sunt amet ex.\r\n",
    "registered": "2015-03-09T11:24:03 +07:00",
    "latitude": -77.63898,
    "longitude": 173.313781,
    "tags": [
      "nostrud",
      "nostrud",
      "ullamco",
      "nisi",
      "magna",
      "nulla",
      "cillum"
    ],
    "friends": [
      {
        "id": 0,
        "name": "Maria Cline"
      },
      {
        "id": 1,
        "name": "Wilkinson Mason"
      },
      {
        "id": 2,
        "name": "Neva Gallagher"
      }
    ]
  },
  {
    "_id": "61b9eba79f8bc656e0b73e8f",
    "index": 6,
    "guid": "fbde5027-91c1-4893-9db1-a760ffb090fa",
    "isActive": true,
    "balance": "$3,782.26",
    "picture": "http://placehold.it/32x32",
    "age": 30,
    "eyeColor": "blue",
    "name": "Parsons Tyson",
    "gender": "male",
    "company": "LIQUICOM",
    "email": "parsonstyson@liquicom.com",
    "phone": "+1 (941) 435-2912",
    "address": "759 Ashford Street, Ribera, Federated States Of Micronesia, 9520",
    "about": "Tempor est sint ipsum ipsum dolor aliqua amet quis nostrud mollit qui eu laborum. Est in ut commodo deserunt ut laboris veniam. Ex qui officia magna nulla pariatur incididunt ullamco. Magna amet eu velit cillum eiusmod.\r\n",
    "registered": "2016-03-27T06:54:46 +07:00",
    "latitude": 41.191664,
    "longitude": 47.359716,
    "tags": [
      "nisi",
      "consequat",
      "nisi",
      "eu",
      "est",
      "est",
      "esse"
    ],
    "friends": [
      {
        "id": 0,
        "name": "Jacquelyn Morrow"
      },
      {
        "id": 1,
        "name": "Gilbert Gonzales"
      },
      {
        "id": 2,
        "name": "Landry Stevenson"
      }
    ]
  },
  {
    "_id": "61b9eba79cf7596d97a4e9c3",
    "index": 7,
    "guid": "b19fb8fd-1eee-4e18-b0a2-5e0d1e3fc900",
    "isActive": false,
    "balance": "$3,261.94",
    "picture": "http://placehold.it/32x32",
    "age": 24,
    "eyeColor": "blue",
    "name": "Rae Evans",
    "gender": "female",
    "company": "BOILICON",
    "email": "raeevans@boilicon.com",
    "phone": "+1 (838) 573-2126",
    "address": "592 Locust Avenue, Longoria, Missouri, 1021",
    "about": "Sint magna fugiat ex qui. Pariatur est ea duis culpa ut aliquip duis duis aliqua. Pariatur nisi exercitation officia amet ex dolore qui magna aliqua. Fugiat dolor magna magna ad dolore exercitation ipsum Lorem sit occaecat cupidatat sint aute Lorem. Commodo irure sunt officia ullamco eiusmod.\r\n",
    "registered": "2021-10-30T02:36:41 +07:00",
    "latitude": 77.304362,
    "longitude": 39.075389,
    "tags": [
      "enim",
      "occaecat",
      "ut",
      "proident",
      "id",
      "occaecat",
      "duis"
    ],
    "friends": [
      {
        "id": 0,
        "name": "Ayers Bonner"
      },
      {
        "id": 1,
        "name": "Murphy Acosta"
      },
      {
        "id": 2,
        "name": "Morin Church"
      }
    ]
  },
  {
    "_id": "61b9eba73536a26366c218b0",
    "index": 8,
    "guid": "9cc41ac4-df3e-40d3-b946-075e6de14ad7",
    "isActive": true,
    "balance": "$3,008.60",
    "picture": "http://placehold.it/32x32",
    "age": 40,
    "eyeColor": "blue",
    "name": "Burnett Odonnell",
    "gender": "male",
    "company": "FUELWORKS",
    "email": "burnettodonnell@fuelworks",
    "phone": "+1 (938) 525-2612",
    "address": "504 Wyckoff Avenue, Tilleda, Hawaii, 6859",
    "about": "Commodo excepteur qui duis officia ea amet anim eu laborum consequat aute exercitation. Esse amet nulla exercitation sit cupidatat officia deserunt mollit aliquip veniam minim ex nostrud. Tempor anim cupidatat ipsum ea aliquip ad occaecat. Enim sint excepteur nostrud occaecat pariatur officia fugiat elit do consectetur. Ad deserunt culpa id excepteur veniam in ut et aliqua ad aliquip consectetur incididunt. Consectetur non laborum ipsum est sunt nostrud. Ullamco cillum aliqua irure do eu magna dolore laborum Lorem minim sint ut.\r\n",
    "registered": "2020-11-05T03:43:32 +07:00",
    "latitude": 87.033946,
    "longitude": 3.3612,
    "tags": [
      "mollit",
      "qui",
      "et",
      "magna",
      "nostrud",
      "ex",
      "voluptate"
    ],
    "friends": [
      {
        "id": 0,
        "name": "Kellie Tucker"
      },
      {
        "id": 1,
        "name": "Benton Fulton"
      },
      {
        "id": 2,
        "name": "Silva Whitaker"
      }
    ]
  },
  {
    "_id": "61b9eba778fe96d3e7de1884",
    "index": 9,
    "guid": "c8183525-6cbf-42a7-bcb5-1574f061354b",
    "isActive": true,
    "balance": "$1,621.56",
    "picture": "http://placehold.it/32x32",
    "age": 23,
    "eyeColor": "blue",
    "name": "Wendi Harris",
    "gender": "female",
    "company": "FLEXIGEN",
    "email": "wendiharris@flexigen.com",
    "phone": "+1 (841) 400-2228",
    "address": "790 Grand Street, Gracey, Louisiana, 2509",
    "about": "In nostrud ipsum irure consectetur dolore ea proident voluptate minim minim deserunt ut reprehenderit. Elit Lorem aliqua cillum occaecat occaecat. Sint elit laboris commodo ex. Velit cupidatat labore labore esse fugiat qui reprehenderit occaecat amet nulla proident pariatur eiusmod. Officia est nostrud proident sint enim sint est irure. Elit sint fugiat commodo ad ad eiusmod. Excepteur duis proident esse id exercitation eiusmod veniam sunt.\r\n",
    "registered": "2020-05-24T12:45:47 +07:00",
    "latitude": 49.606853,
    "longitude": -123.045583,
    "tags": [
      "aute",
      "labore",
      "in",
      "incididunt",
      "quis",
      "proident",
      "sit"
    ],
    "friends": [
      {
        "id": 0,
        "name": "Lauren Emerson"
      },
      {
        "id": 1,
        "name": "Dale Aguirre"
      },
      {
        "id": 2,
        "name": "Holder Joyce"
      }
    ]
  },
  {
    "_id": "61b9eba7d3788b8e88e55917",
    "index": 10,
    "guid": "fd82ef31-7138-4869-a17a-bcaebd92db52",
    "isActive": true,
    "balance": "$1,442.27",
    "picture": "http://placehold.it/32x32",
    "age": 37,
    "eyeColor": "brown",
    "name": "Olson Ford",
    "gender": "male",
    "company": "KIDGREASE",
    "email": "olsonford@kidgrease.com",
    "phone": "+1 (966) 456-2822",
    "address": "126 Thatford Avenue, Mahtowa, Indiana, 587",
    "about": "Aute sit ea magna laborum ex laboris aliquip ea. Ex consequat non proident nisi elit. Ea pariatur velit quis fugiat commodo culpa ipsum labore non est incididunt deserunt nostrud. Ad ullamco qui nulla reprehenderit.\r\n",
    "registered": "2021-06-17T09:28:41 +07:00",
    "latitude": 63.976714,
    "longitude": 112.926149,
    "tags": [
      "voluptate",
      "et",
      "anim",
      "amet",
      "eu",
      "laborum",
      "voluptate"
    ],
    "friends": [
      {
        "id": 0,
        "name": "Patsy Mullins"
      },
      {
        "id": 1,
        "name": "Janet Hodge"
      },
      {
        "id": 2,
        "name": "Cooper Robbins"
      }
    ]
  },
  {
    "_id": "61b9eba76326099f1c660ee9",
    "index": 11,
    "guid": "02c5e465-aa85-47b4-a750-475706d8c756",
    "isActive": true,
    "balance": "$1,900.15",
    "picture": "somethingiswronghere",
    "age": 28,
    "eyeColor": "green",
    "name": "Albert Boone",
    "gender": "male",
    "company": "MOBILDATA",
    "email": "albertboone@mobildata.com",
    "phone": "+1 (831) 465-2390",
    "address": "229 Senator Street, Barclay, Oregon, 9266",
    "about": "Consequat tempor elit Lorem ea deserunt reprehenderit. Officia est sint reprehenderit laboris dolore et dolor velit officia et reprehenderit amet veniam ipsum. Aliqua in excepteur ipsum pariatur anim eiusmod sunt in minim nostrud nostrud sit est. Pariatur Lorem sit excepteur deserunt occaecat sint amet qui pariatur duis velit ullamco exercitation velit. Et nisi cillum velit ex deserunt non et aliqua amet nisi nisi anim. Labore eiusmod minim laboris sit do culpa.\r\n",
    "registered": "2019-03-21T09:00:06 +07:00",
    "latitude": 43.184664,
    "longitude": -156.393814,
    "tags": [
      "proident",
      "adipisicing",
      "proident",
      "pariatur",
      "nulla",
      "sint",
      "sunt"
    ],
    "friends": [
      {
        "id": 0,
        "name": "Darlene Cross"
      },
      {
        "id": 1,
        "name": "Hannah Clarke"
      },
      {
        "id": 2,
        "name": "Melinda Washington"
      }
    ]
  },
  {
    "_id": "61b9eba7a30c0d0510526f0c",
    "index": 12,
    "guid": "64811fa8-b9ed-4280-be9e-50179b0bf581",
    "isActive": true,
    "balance": "$2,494.38",
    "picture": "http://placehold.it/32x32",
    "age": 39,
    "eyeColor": "brown",
    "name": "English Vega",
    "gender": "male",
    "company": "ZILLAR",
    "email": "englishvega@zillar.com",
    "phone": "+1 (861) 479-2729",
    "address": "863 Ridge Boulevard, Bath, Minnesota, 5423",
    "about": "Minim nostrud cillum laborum laborum elit laboris et ex. Officia id magna laborum amet pariatur aute eiusmod. Cupidatat excepteur ut proident occaecat velit ut aute reprehenderit tempor nostrud laboris. Occaecat nulla irure deserunt ea est consectetur id exercitation est dolore nostrud. Nulla minim mollit ea ad commodo proident laborum.\r\n",
    "registered": "2021-07-16T06:21:09 +07:00",
    "latitude": -12.96552,
    "longitude": 170.118974,
    "tags": [
      "consectetur",
      "sit",
      "aute",
      "sunt",
      "minim",
      "dolor",
      "dolore"
    ],
    "friends": [
      {
        "id": 0,
        "name": "Finley Mccormick"
      },
      {
        "id": 1,
        "name": "Mitchell Rowe"
      },
      {
        "id": 2,
        "name": "Christina Tanner"
      }
    ]
  },
  {
    "_id": "61b9eba73908879e74c71cce",
    "index": 13,
    "guid": "d34abda4-ea05-4ae5-aa92-114646870906",
    "isActive": true,
    "balance": "$2,719.82",
    "picture": "http://placehold.it/32x32",
    "age": 40,
    "eyeColor": "brown",
    "name": "Meyers Walsh",
    "gender": "male",
    "company": "EVENTIX",
    "email": "meyerswalsh@eventix.com",
    "phone": "+1 (931) 572-3966",
    "address": "516 Woodpoint Road, Carlton, Illinois, 9503",
    "about": "Voluptate irure dolor magna laboris aliquip aute dolor. Dolore ea aute aute irure id nostrud enim reprehenderit elit ipsum voluptate aute elit. Nostrud irure dolor magna culpa cupidatat et ipsum duis pariatur consequat. Elit velit aliqua exercitation cupidatat proident duis laboris fugiat quis. Duis amet eu pariatur eiusmod nulla exercitation. Quis ipsum aute voluptate sint nostrud.\r\n",
    "registered": "2017-06-20T04:30:00 +07:00",
    "latitude": -71.771777,
    "longitude": -44.237262,
    "tags": [
      "ullamco",
      "excepteur",
      "cupidatat",
      "cupidatat",
      "sunt",
      "Lorem",
      "ullamco"
    ],
    "friends": [
      {
        "id": 0,
        "name": "Paul Durham"
      },
      {
        "id": 1,
        "name": "Hooper Hunt"
      },
      {
        "id": 2,
        "name": "Knapp Leach"
      }
    ]
  },
  {
    "_id": "61b9eba745ef4b7983ac9021",
    "index": 14,
    "guid": "8332750b-56b9-4ce9-917b-6af856e755f7",
    "isActive": true,
    "balance": "$3,344.00",
    "picture": "http://placehold.it/32x32",
    "age": 25,
    "eyeColor": "blue",
    "name": "Guzman Olsen",
    "gender": "male",
    "company": "QUAREX",
    "email": "guzmanolsen@quarex.com",
    "phone": "+1 (955) 472-3484",
    "address": "809 Baughman Place, Lopezo, Wisconsin, 2796",
    "about": "Laborum quis nostrud amet mollit. Tempor nisi in ullamco eu anim ut aliquip laborum. Nostrud labore tempor excepteur exercitation ad id culpa incididunt aliqua labore. Labore eu veniam in ut ad proident eiusmod sit. Commodo magna incididunt consectetur labore laboris sunt deserunt reprehenderit non eu culpa ex amet. Sit consectetur id ad nostrud labore cillum enim adipisicing adipisicing incididunt aliquip est quis laborum. Aliqua ea velit Lorem elit veniam cillum commodo.\r\n",
    "registered": "2019-01-10T08:14:13 +07:00",
    "latitude": -14.931881,
    "longitude": 49.343265,
    "tags": [
      "do",
      "eiusmod",
      "irure",
      "id",
      "commodo",
      "reprehenderit",
      "in"
    ],
    "friends": [
      {
        "id": 0,
        "name": "Pacheco Kennedy"
      },
      {
        "id": 1,
        "name": "Hoffman Chavez"
      },
      {
        "id": 2,
        "name": "Levine Santiago"
      }
    ]
  },
  {
    "_id": "61b9eba77b6c1dc4d190367f",
    "index": 15,
    "guid": "a6493c02-e10d-462f-b0c8-cf99c967cade",
    "isActive": false,
    "balance": "$1,206.12",
    "picture": "http://placehold.it/32x32",
    "age": 21,
    "eyeColor": "brown",
    "name": "Hazel Navarro",
    "gender": "female",
    "company": "WRAPTURE",
    "email": "hazelnavarro@wrapture.com",
    "phone": "+1 (985) 484-2312",
    "address": "757 Denton Place, Navarre, Kansas, 4541",
    "about": "Velit exercitation et nisi et adipisicing incididunt officia exercitation eiusmod. Ad nisi elit cupidatat labore sint veniam magna laboris. Et officia ex irure elit. Fugiat deserunt ex ipsum aute adipisicing do. Velit duis non elit do velit ullamco minim ad aliqua velit magna reprehenderit. Aliquip commodo qui eiusmod id officia ipsum magna ad.\r\n",
    "registered": "2018-03-13T09:35:07 +07:00",
    "latitude": 34.185402,
    "longitude": 124.121258,
    "tags": [
      "consectetur",
      "consequat",
      "adipisicing",
      "ullamco",
      "ut",
      "anim",
      "ut"
    ],
    "friends": [
      {
        "id": 0,
        "name": "Berta Morales"
      },
      {
        "id": 1,
        "name": "Francis Guerra"
      },
      {
        "id": 2,
        "name": "Noreen Bates"
      }
    ]
  },
  {
    "_id": "61b9eba77ff96eac94c4af73",
    "index": 16,
    "guid": "88a11ead-6e84-4c43-8cfd-165f220e2353",
    "isActive": false,
    "balance": "$3,449.15",
    "picture": "http://placehold.it/32x32",
    "age": 37,
    "eyeColor": "brown",
    "name": "Mai Dominguez",
    "gender": "female",
    "company": "NETBOOK",
    "email": "maidominguez@netbook.com",
    "phone": "+1 (810) 595-2875",
    "address": "103 Eldert Street, Gardners, New Mexico, 1370",
    "about": "Amet fugiat esse nostrud veniam magna proident occaecat nulla. Ex ex ad velit sunt occaecat elit incididunt dolor in voluptate nulla labore irure ea. Officia reprehenderit occaecat elit fugiat dolore cillum officia aliquip nisi ex eiusmod minim. Adipisicing non tempor do ullamco qui duis consequat eu consequat. Velit deserunt irure fugiat dolore pariatur eiusmod ipsum do ullamco ad Lorem. Commodo ex officia consectetur aliqua Lorem exercitation laborum eiusmod ex Lorem sunt.\r\n",
    "registered": "2016-01-07T04:43:57 +07:00",
    "latitude": -26.673647,
    "longitude": -76.410543,
    "tags": [
      "aliquip",
      "cillum",
      "quis",
      "laboris",
      "id",
      "velit",
      "reprehenderit"
    ],
    "friends": [
      {
        "id": 0,
        "name": "Middleton Noble"
      },
      {
        "id": 1,
        "name": "Angelique Heath"
      },
      {
        "id": 2,
        "name": "Vivian Yang"
      }
    ]
  },
  {
    "_id": "61b9eba7b7d9ff344849268c",
    "index": 17,
    "guid": "390e5838-a417-40d5-8e29-c76eb24fee2b",
    "isActive": true,
    "balance": "$3,051.32",
    "picture": "http://placehold.it/32x32",
    "age": 26,
    "eyeColor": "green",
    "name": "Stark Landry",
    "gender": "male",
    "company": "INSURITY",
    "email": "insurity.com",
    "phone": "+1 (912) 424-3067",
    "address": "869 Gates Avenue, Helen, Rhode Island, 3048",
    "about": "Elit officia incididunt enim nulla quis labore laboris excepteur officia adipisicing consectetur elit. Id occaecat ipsum excepteur magna ea esse do. Occaecat aliqua nisi incididunt ut sint officia fugiat deserunt. Cupidatat aliquip in eiusmod eu labore consequat aliquip occaecat deserunt. Minim fugiat proident pariatur exercitation. Aliquip laborum elit culpa mollit eu tempor velit excepteur. Aliquip sit sit excepteur duis velit labore.\r\n",
    "registered": "2020-02-12T12:34:42 +07:00",
    "latitude": -25.980198,
    "longitude": 78.830867,
    "tags": [
      "amet",
      "officia",
      "exercitation",
      "labore",
      "veniam",
      "enim",
      "ad"
    ],
    "friends": [
      {
        "id": 0,
        "name": "Clara Herman"
      },
      {
        "id": 1,
        "name": "Eugenia Farrell"
      },
      {
        "id": 2,
        "name": "Mindy Huffman"
      }
    ]
  },
  {
    "_id": "61b9eba739c1b991309fb8d5",
    "index": 18,
    "guid": "3113e829-5259-42f0-85ad-aa689aebb5a6",
    "isActive": false,
    "balance": "$1,514.60",
    "picture": "http://placehold.it/32x32",
    "age": 33,
    "eyeColor": "blue",
    "name": "Molina Cochran",
    "gender": "male",
    "company": "BUZZWORKS",
    "email": "molinacochran@buzzworks.com",
    "phone": "+1 (885) 566-2836",
    "address": "724 Montrose Avenue, Concho, Pennsylvania, 7279",
    "about": "Ut sint ad duis nostrud in irure incididunt ut mollit mollit. Mollit consequat sunt eu occaecat veniam officia magna culpa dolor. Tempor cupidatat et ipsum in tempor sint commodo. Amet Lorem voluptate mollit ullamco excepteur commodo ut id incididunt sunt Lorem.\r\n",
    "registered": "2021-06-28T03:51:55 +07:00",
    "latitude": 72.298677,
    "longitude": -124.11619,
    "tags": [
      "aliqua",
      "occaecat",
      "cillum",
      "ex",
      "ea",
      "duis",
      "incididunt"
    ],
    "friends": [
      {
        "id": 0,
        "name": "Rodriquez Winters"
      },
      {
        "id": 1,
        "name": "Lula Fisher"
      },
      {
        "id": 2,
        "name": "Bertha Bass"
      }
    ]
  },
  {
    "_id": "61b9eba7e2f3f5321054de6a",
    "index": 19,
    "guid": "cf8d1f4e-d5a5-4612-8ca0-0ed19dd86f3b",
    "isActive": true,
    "balance": "$1,769.48",
    "picture": "http://placehold.it/32x32",
    "age": 34,
    "eyeColor": "green",
    "name": "Stacie Glenn",
    "gender": "female",
    "company": "TRIBALOG",
    "email": "stacieglenn@tribalog.com",
    "phone": "+1 (888) 467-2003",
    "address": "440 Louisa Street, Belleview, Idaho, 5761",
    "about": "Ut irure consequat culpa elit veniam tempor. Excepteur irure non sit id magna adipisicing ad nisi ut. Amet id aliqua culpa id ut id velit id consequat aute exercitation adipisicing.\r\n",
    "registered": "2016-08-22T05:13:08 +07:00",
    "latitude": 28.053759,
    "longitude": -89.188356,
    "tags": [
      "consectetur",
      "adipisicing",
      "pariatur",
      "sint",
      "veniam",
      "veniam",
      "esse"
    ],
    "friends": [
      {
        "id": 0,
        "name": "Love Howe"
      },
      {
        "id": 1,
        "name": "Stokes Knox"
      },
      {
        "id": 2,
        "name": "Noelle Travis"
      }
    ]
  },
  {
    "_id": "61b9eba709da8f6506117eca",
    "index": 20,
    "guid": "b2c82aa5-0599-4aca-8d89-488f4164addc",
    "isActive": false,
    "balance": "$2,894.51",
    "picture": "http://placehold.it/32x32",
    "age": 23,
    "eyeColor": "brown",
    "name": "Ofelia Rich",
    "gender": "female",
    "company": "VINCH",
    "email": "ofeliarich@vinch.com",
    "phone": "+1 (975) 537-2595",
    "address": "318 Erasmus Street, Harrodsburg, American Samoa, 5398",
    "about": "Et adipisicing Lorem est reprehenderit est officia ad officia exercitation ex culpa. Id sunt non do eu eu consectetur. Ut esse elit aliqua ad ex. Tempor esse sit irure qui dolore aliquip. Exercitation amet commodo nostrud culpa. Esse voluptate nisi laborum Lorem aliqua aute.\r\n",
    "registered": "2017-02-08T09:30:49 +07:00",
    "latitude": -8.387675,
    "longitude": 48.670407,
    "tags": [
      "est",
      "minim",
      "excepteur",
      "eiusmod",
      "exercitation",
      "cupidatat",
      "amet"
    ],
    "friends": [
      {
        "id": 0,
        "name": "Liliana Osborne"
      },
      {
        "id": 1,
        "name": "Leola Rogers"
      },
      {
        "id": 2,
        "name": "Shaffer Howard"
      }
    ]
  },
  {
    "_id": "61b9eba7f2f2b641c61a035d",
    "index": 21,
    "guid": "78f6dbb3-4d55-462d-b4ee-0cfe9c2e585d",
    "isActive": false,
    "balance": "$3,014.19",
    "picture": "http://placehold.it/32x32",
    "age": 34,
    "eyeColor": "brown",
    "name": "Jerry Hickman",
    "gender": "female",
    "company": "NETPLAX",
    "email": "jerryhickman@netplax.com",
    "phone": "+1 (994) 440-2209",
    "address": "281 Pitkin Avenue, Woodlake, Virginia, 4662",
    "about": "Sunt mollit sit reprehenderit cillum sint elit non velit consectetur ea. Ut nisi consequat adipisicing dolore nostrud adipisicing adipisicing. Tempor proident culpa excepteur nulla consectetur id duis anim. Veniam mollit fugiat exercitation reprehenderit anim consequat irure mollit dolore anim incididunt commodo ea nisi.\r\n",
    "registered": "2019-09-15T10:41:09 +07:00",
    "latitude": 65.331419,
    "longitude": 110.609693,
    "tags": [
      "nulla",
      "ullamco",
      "culpa",
      "ad",
      "in",
      "et",
      "consectetur"
    ],
    "friends": [
      {
        "id": 0,
        "name": "Wright Tran"
      },
      {
        "id": 1,
        "name": "Sherri Rasmussen"
      },
      {
        "id": 2,
        "name": "Janell Bailey"
      }
    ]
  },
  {
    "_id": "61b9eba71e6bef7c4a3fcb59",
    "index": 22,
    "guid": "6d40b15e-ed87-4882-8cf6-83ee6e0bf9c4",
    "isActive": false,
    "balance": "$1,920.79",
    "picture": "http://placehold.it/32x32",
    "age": 24,
    "eyeColor": "blue",
    "name": "Hampton Beasley",
    "gender": "male",
    "company": "ANIVET",
    "email": "hamptonbeasley@anivet.com",
    "phone": "+1 (988) 454-3362",
    "address": "656 Norman Avenue, Townsend, Ohio, 7047",
    "about": "Eiusmod ut reprehenderit pariatur dolor adipisicing. Voluptate exercitation cupidatat id qui dolor ex fugiat ea enim reprehenderit magna. Laboris et tempor culpa non. Sunt consequat laborum occaecat incididunt laboris occaecat officia sit veniam ex irure. Anim non minim minim culpa eiusmod nisi. Do nisi culpa ad ipsum laboris. Mollit nisi nostrud sunt commodo.\r\n",
    "registered": "2017-02-12T05:12:39 +07:00",
    "latitude": 0.35647,
    "longitude": 30.260529,
    "tags": [
      "excepteur",
      "reprehenderit",
      "officia",
      "minim",
      "dolore",
      "reprehenderit",
      "excepteur"
    ],
    "friends": [
      {
        "id": 0,
        "name": "Leon Douglas"
      },
      {
        "id": 1,
        "name": "Warren Ochoa"
      },
      {
        "id": 2,
        "name": "Kerr Castillo"
      }
    ]
  },
  {
    "_id": "61b9eba76a4419507fca8817",
    "index": 23,
    "guid": "1b46c7a3-0674-4c7b-b5c4-ee5f91c0754a",
    "isActive": true,
    "balance": "$1,548.60",
    "picture": "http://placehold.it/32x32",
    "age": 30,
    "eyeColor": "green",
    "name": "Jerri Goodman",
    "gender": "female",
    "company": "SPHERIX",
    "email": "jerrigoodman@spherix.com",
    "phone": "+1 (856) 589-3912",
    "address": "531 Hutchinson Court, Jennings, Montana, 7446",
    "about": "Mollit ea in officia sunt aute est cillum veniam. Ut proident excepteur deserunt duis do incididunt nisi elit. Deserunt occaecat sint cupidatat do occaecat labore et ullamco culpa amet consectetur.\r\n",
    "registered": "2014-03-29T02:20:07 +07:00",
    "latitude": -69.993571,
    "longitude": -23.778601,
    "tags": [
      "officia",
      "est",
      "elit",
      "occaecat",
      "adipisicing",
      "aliqua",
      "officia"
    ],
    "friends": [
      {
        "id": 0,
        "name": "Addie Owens"
      },
      {
        "id": 1,
        "name": "Krystal Mendoza"
      },
      {
        "id": 2,
        "name": "Pam Guy"
      }
    ]
  },
  {
    "_id": "61b9eba783508dba426f8fbd",
    "index": 24,
    "guid": "a4e26b07-6604-43c6-8823-fc195622d870",
    "isActive": false,
    "balance": "$2,010.69",
    "picture": "http://placehold.it/32x32",
    "age": 33,
    "eyeColor": "green",
    "name": "Savannah Bishop",
    "gender": "female",
    "company": "NIQUENT",
    "email": "savannahbishop@niquent.com",
    "phone": "+1 (893) 413-3370",
    "address": "365 Gelston Avenue, Norvelt, Maryland, 4591",
    "about": "Laborum exercitation laborum amet dolore incididunt nisi labore veniam aliqua sunt. Non fugiat nulla ad ex exercitation commodo labore labore cillum. Minim culpa cillum in culpa velit anim enim eiusmod dolore id ipsum aliquip aute. Irure ut officia adipisicing irure Lorem ipsum est qui ipsum aliquip ut nulla reprehenderit.\r\n",
    "registered": "2018-09-23T10:36:10 +07:00",
    "latitude": -78.031955,
    "longitude": -164.9206,
    "tags": [
      "mollit",
      "dolor",
      "voluptate",
      "dolor",
      "amet",
      "in",
      "duis"
    ],
    "friends": [
      {
        "id": 0,
        "name": "Drake Manning"
      },
      {
        "id": 1,
        "name": "Reid Baxter"
      },
      {
        "id": 2,
        "name": "Fitzpatrick Bruce"
      }
    ]
  },
  {
    "_id": "61b9eba7ab685153942568a1",
    "index": 25,
    "guid": "c257996d-8fed-4f93-ae54-5b1e607241ca",
    "isActive": true,
    "balance": "$1,587.06",
    "picture": "placeholdit/32x32",
    "age": 24,
    "eyeColor": "green",
    "name": "Lorrie Holt",
    "gender": "female",
    "company": "MAROPTIC",
    "email": "lorrieholt@maroptic.com",
    "phone": "+1 (812) 413-3841",
    "address": "920 Crawford Avenue, Hiwasse, District Of Columbia, 6723",
    "about": "Aute eu sit do ad cupidatat officia enim minim. Tempor ut amet do voluptate reprehenderit labore minim esse commodo duis est. Commodo ad exercitation est eu officia. Aliquip qui labore nulla sint laboris non laboris veniam nostrud et excepteur enim enim. Irure officia cupidatat irure sunt quis ex. Excepteur irure dolore ut aliquip ex sunt. Irure sint laborum qui aute et ullamco incididunt do qui et non officia eu laboris.\r\n",
    "registered": "2017-11-09T02:10:08 +07:00",
    "latitude": 25.102414,
    "longitude": 61.313129,
    "tags": [
      "tempor",
      "dolore",
      "sit",
      "incididunt",
      "deserunt",
      "cillum",
      "adipisicing"
    ],
    "friends": [
      {
        "id": 0,
        "name": "Rios Fields"
      },
      {
        "id": 1,
        "name": "Eaton Stuart"
      },
      {
        "id": 2,
        "name": "Buchanan Mcfadden"
      }
    ]
  }
]